{
  "version": 2,
  "settings": {
    "color": {
      "palette": [
        {
          "slug": "primary",
          "color": "#0a1a2b",
          "name": "Farset Navy"
        },
        {
          "slug": "accent",
          "color": "#d4a017",
          "name": "Mustard"
        },
        {
          "slug": "background",
          "color": "#ffffff",
          "name": "Background"
        },
        {
          "slug": "ink",
          "color": "#1f2937",
          "name": "Ink"
        }
      ]
    },
    "styles": {}
  }
}